{"cameraMode":{"drawMode":0,"name":"Shaded","section":"Shading Mode"},"sceneLighting":false,"audioPlay":false,"sceneViewState":{"m_AlwaysRefresh":false,"showFog":true,"showSkybox":false,"showFlares":true,"showImageEffects":true,"showParticleSystems":true,"showVisualEffectGraphs":true,"m_FxEnabled":true},"in2DMode":false,"pivot":{"x":-0.432236909866333,"y":-0.9862047433853149,"z":0.5575937032699585},"rotation":{"x":0.4081777334213257,"y":-0.18252608180046082,"z":0.08269665390253067,"w":0.8912546634674072},"size":1.8829524517059327,"orthographic":false}