{"cameraMode":{"drawMode":0,"name":"Shaded","section":"Shading Mode"},"sceneLighting":false,"audioPlay":false,"sceneViewState":{"m_AlwaysRefresh":false,"showFog":true,"showSkybox":false,"showFlares":true,"showImageEffects":true,"showParticleSystems":true,"showVisualEffectGraphs":true,"m_FxEnabled":true},"in2DMode":false,"pivot":{"x":1.0799764394760132,"y":2.283264636993408,"z":0.21200472116470338},"rotation":{"x":-0.029761292040348054,"y":0.9519264698028565,"z":-0.09108040481805802,"w":-0.29589948058128359},"size":1.671907663345337,"orthographic":false}