{"cameraMode":{"drawMode":0,"name":"Shaded","section":"Shading Mode"},"sceneLighting":false,"audioPlay":false,"sceneViewState":{"m_AlwaysRefresh":false,"showFog":true,"showSkybox":false,"showFlares":true,"showImageEffects":true,"showParticleSystems":true,"showVisualEffectGraphs":true,"m_FxEnabled":true},"in2DMode":false,"pivot":{"x":-0.7358157634735107,"y":0.41400671005249026,"z":1.1410609483718873},"rotation":{"x":0.1253734678030014,"y":0.28586530685424807,"z":-0.03775283694267273,"w":0.9492924809455872},"size":1.174179196357727,"orthographic":false}