{"cameraMode":{"drawMode":0,"name":"Shaded","section":"Shading Mode"},"sceneLighting":false,"audioPlay":false,"sceneViewState":{"m_AlwaysRefresh":false,"showFog":true,"showSkybox":false,"showFlares":true,"showImageEffects":true,"showParticleSystems":true,"showVisualEffectGraphs":true,"m_FxEnabled":true},"in2DMode":false,"pivot":{"x":0.058169201016426089,"y":-0.02439642697572708,"z":-0.27100101113319399},"rotation":{"x":0.17962409555912019,"y":0.6048316955566406,"z":-0.14245326817035676,"w":0.762651264667511},"size":1.174179196357727,"orthographic":false}