{"cameraMode":{"drawMode":0,"name":"Shaded","section":"Shading Mode"},"sceneLighting":true,"audioPlay":false,"sceneViewState":{"m_AlwaysRefresh":false,"showFog":true,"showSkybox":true,"showFlares":true,"showImageEffects":true,"showParticleSystems":true,"showVisualEffectGraphs":true,"m_FxEnabled":true},"in2DMode":false,"pivot":{"x":1.4837913513183594,"y":-24.01944923400879,"z":5.362851142883301},"rotation":{"x":0.23689500987529756,"y":0.7621402740478516,"z":-0.44330477714538576,"w":0.4094465672969818},"size":22.092458724975587,"orthographic":false}