{"cameraMode":{"drawMode":0,"name":"Shaded","section":"Shading Mode"},"sceneLighting":true,"audioPlay":false,"sceneViewState":{"m_AlwaysRefresh":false,"showFog":true,"showSkybox":true,"showFlares":true,"showImageEffects":true,"showParticleSystems":true,"showVisualEffectGraphs":true,"m_FxEnabled":true},"in2DMode":false,"pivot":{"x":3.4330267906188967,"y":-177.18374633789063,"z":-4.101642608642578},"rotation":{"x":-0.057536184787750247,"y":0.7078853845596314,"z":-0.7028184533119202,"w":-0.057543545961380008},"size":104.54496002197266,"orthographic":false}