{"cameraMode":{"drawMode":0,"name":"Shaded","section":"Shading Mode"},"sceneLighting":true,"audioPlay":false,"sceneViewState":{"m_AlwaysRefresh":false,"showFog":true,"showSkybox":true,"showFlares":true,"showImageEffects":true,"showParticleSystems":true,"showVisualEffectGraphs":true,"m_FxEnabled":true},"in2DMode":false,"pivot":{"x":25.28290367126465,"y":-8.789594650268555,"z":-19.510560989379884},"rotation":{"x":0.049318473786115649,"y":0.9064775705337524,"z":-0.40460190176963808,"w":0.11050086468458176},"size":14.99024486541748,"orthographic":false}