{"cameraMode":{"drawMode":0,"name":"Shaded","section":"Shading Mode"},"sceneLighting":true,"audioPlay":false,"sceneViewState":{"m_AlwaysRefresh":false,"showFog":true,"showSkybox":true,"showFlares":true,"showImageEffects":true,"showParticleSystems":true,"showVisualEffectGraphs":true,"m_FxEnabled":true},"in2DMode":false,"pivot":{"x":31.767881393432618,"y":2.232611894607544,"z":-18.303449630737306},"rotation":{"x":-0.15022917091846467,"y":0.1583947092294693,"z":-0.025186119601130487,"w":-0.9762706160545349},"size":0.8270542621612549,"orthographic":false}