{"cameraMode":{"drawMode":0,"name":"Shaded","section":"Shading Mode"},"sceneLighting":true,"audioPlay":false,"sceneViewState":{"m_AlwaysRefresh":false,"showFog":true,"showSkybox":true,"showFlares":true,"showImageEffects":true,"showParticleSystems":true,"showVisualEffectGraphs":true,"m_FxEnabled":true},"in2DMode":false,"pivot":{"x":-42.56393814086914,"y":96.71058654785156,"z":251.54837036132813},"rotation":{"x":0.13017691671848298,"y":-0.06391697376966477,"z":0.008394910953938961,"w":0.9894815683364868},"size":206.87355041503907,"orthographic":false}