{"cameraMode":{"drawMode":0,"name":"Shaded","section":"Shading Mode"},"sceneLighting":true,"audioPlay":false,"sceneViewState":{"m_AlwaysRefresh":false,"showFog":true,"showSkybox":true,"showFlares":true,"showImageEffects":true,"showParticleSystems":true,"showVisualEffectGraphs":true,"m_FxEnabled":true},"in2DMode":false,"pivot":{"x":32.9534912109375,"y":-0.054027557373046878,"z":-55.59495162963867},"rotation":{"x":0.035110510885715488,"y":0.9558075666427612,"z":-0.12830397486686707,"w":0.2645808160305023},"size":32.16797637939453,"orthographic":false}