{"cameraMode":{"drawMode":0,"name":"Shaded","section":"Shading Mode"},"sceneLighting":true,"audioPlay":false,"sceneViewState":{"m_AlwaysRefresh":false,"showFog":true,"showSkybox":true,"showFlares":true,"showImageEffects":true,"showParticleSystems":true,"showVisualEffectGraphs":true,"m_FxEnabled":true},"in2DMode":false,"pivot":{"x":-21.99028968811035,"y":-14.627626419067383,"z":-34.53886032104492},"rotation":{"x":0.004364334978163242,"y":0.968329131603241,"z":-0.25173208117485049,"w":0.017893534153699876},"size":45.44009780883789,"orthographic":false}