{"cameraMode":{"drawMode":0,"name":"Shaded","section":"Shading Mode"},"sceneLighting":false,"audioPlay":false,"sceneViewState":{"m_AlwaysRefresh":false,"showFog":true,"showSkybox":false,"showFlares":true,"showImageEffects":true,"showParticleSystems":true,"showVisualEffectGraphs":true,"m_FxEnabled":true},"in2DMode":false,"pivot":{"x":2.9455373287200929,"y":2.409653425216675,"z":15.611286163330079},"rotation":{"x":0.07470811158418656,"y":0.02940909005701542,"z":-0.002201839117333293,"w":0.9967794418334961},"size":13.90742301940918,"orthographic":false}