{"cameraMode":{"drawMode":0,"name":"Shaded","section":"Shading Mode"},"sceneLighting":false,"audioPlay":false,"sceneViewState":{"m_AlwaysRefresh":false,"showFog":true,"showSkybox":false,"showFlares":true,"showImageEffects":true,"showParticleSystems":true,"showVisualEffectGraphs":true,"m_FxEnabled":true},"in2DMode":false,"pivot":{"x":15.415433883666993,"y":-0.16253209114074708,"z":1.2478981018066407},"rotation":{"x":0.12389795482158661,"y":0.7237977385520935,"z":-0.12952576577663423,"w":0.6695288419723511},"size":81.47354125976563,"orthographic":false}