{"cameraMode":{"drawMode":0,"name":"Shaded","section":"Shading Mode"},"sceneLighting":false,"audioPlay":false,"sceneViewState":{"m_AlwaysRefresh":false,"showFog":true,"showSkybox":false,"showFlares":true,"showImageEffects":true,"showParticleSystems":true,"showVisualEffectGraphs":true,"m_FxEnabled":true},"in2DMode":false,"pivot":{"x":4.152989387512207,"y":1.8281075954437256,"z":2.4319136142730715},"rotation":{"x":-0.3675720989704132,"y":-0.47645658254623415,"z":0.22888818383216859,"w":-0.7652310132980347},"size":0.5196153521537781,"orthographic":false}