{"cameraMode":{"drawMode":0,"name":"Shaded","section":"Shading Mode"},"sceneLighting":false,"audioPlay":false,"sceneViewState":{"m_AlwaysRefresh":false,"showFog":true,"showSkybox":false,"showFlares":true,"showImageEffects":true,"showParticleSystems":true,"showVisualEffectGraphs":true,"m_FxEnabled":true},"in2DMode":false,"pivot":{"x":-0.9510882496833801,"y":0.7501811981201172,"z":1.3493678569793702},"rotation":{"x":0.03760983422398567,"y":0.9302016496658325,"z":-0.09976520389318466,"w":0.35152098536491396},"size":0.5196152925491333,"orthographic":false}