{"cameraMode":{"drawMode":0,"name":"Shaded","section":"Shading Mode"},"sceneLighting":false,"audioPlay":false,"sceneViewState":{"m_AlwaysRefresh":false,"showFog":true,"showSkybox":false,"showFlares":true,"showImageEffects":true,"showParticleSystems":true,"showVisualEffectGraphs":true,"m_FxEnabled":true},"in2DMode":false,"pivot":{"x":-0.2533026933670044,"y":1.0143957138061524,"z":-0.29675284028053286},"rotation":{"x":-0.10368070006370545,"y":0.8525062799453735,"z":-0.4777635335922241,"w":-0.18500462174415589},"size":0.13068939745426179,"orthographic":false}